-- Nytt elnätsprojekt med importerad version
INSERT INTO markkoll.projekt (id, namn, ort, projektTyp, organisation, beskrivning, skapad_av, skapad_datum, start_datum) VALUES ('ab1db75b-caac-4350-a0ff-fa0c97993ad6', 'Elprojekt', 'Skelleftå', 'LOKALNAT', 'Skellefteå Kraft', null, 'Marko', '2022-01-01 09:07:50.965729', null);
INSERT INTO elnat.projekt (id, bestallare, ledningsagare, ledningsstracka) VALUES ('ab1db75b-caac-4350-a0ff-fa0c97993ad6', 'Skellefteå Kraft', 'Skellefteå Kraft', 'A till B');
INSERT INTO markkoll.importversion (id, filnamn, projekt_id, skapad_datum) VALUES ('851fd90a-ac2c-4579-adeb-c94080a4718d', 'buskon.zip', 'ab1db75b-caac-4350-a0ff-fa0c97993ad6', '2021-01-01 09:37:22.367767');
INSERT INTO markkoll.current_version (projekt_id, version_id) VALUES ('ab1db75b-caac-4350-a0ff-fa0c97993ad6', '851fd90a-ac2c-4579-adeb-c94080a4718d');

-- Fastighet med avtal och markägare, ny geometristatus, 2 fastighetsområden, 6 områdesintrång (varav 4 är nya, 1 bevaras och 1 raseras)
INSERT INTO markkoll.fastighet (id, fastighetsbeteckning, detaljtyp, kommunnamn, trakt, blockenhet, extern_id, fnr_fds, ytkval, adat, omrtyp) VALUES ('00ac1d50-861c-4e34-acad-8fa34d9502e4', 'HÖLJES 3:457', 'FASTIGHET', null, 'TORSBY', 'ASPBERGET', '1:107', '1737>ASPBERGET>1:107>1', null, null, null);
INSERT INTO markkoll.avtal (id, fastighet_id, projekt_id, anteckning, ersattning) VALUES ('3245ed8b-4480-4cef-822f-138f5bb104ff', '00ac1d50-861c-4e34-acad-8fa34d9502e4', 'ab1db75b-caac-4350-a0ff-fa0c97993ad6', null, 0);
INSERT INTO markkoll.avtal_geometristatus (id, avtal_id, version_id, geometristatus) VALUES ('edd1cbc5-05af-4fb2-a319-1b3f30b8257a', '3245ed8b-4480-4cef-822f-138f5bb104ff', '851fd90a-ac2c-4579-adeb-c94080a4718d', 'NY');
INSERT INTO markkoll.person (id, adress, postnummer, postort, telefon, bankkonto, e_post, namn, personnummer, kund_id) VALUES ('a1ba9e17-7ba4-43ed-bc12-283db0783435', 'Adress', '12345', 'Postort', null, null, null, 'Förnamn Efternman', '19850404-9292', 'kundId');
INSERT INTO markkoll.markagare (id, andel, person_id, fastighet_id, agartyp, kund_id) VALUES ('304ce584-b77f-4629-a1e8-ca4b5ebba70b', '1/2', 'a1ba9e17-7ba4-43ed-bc12-283db0783435', '00ac1d50-861c-4e34-acad-8fa34d9502e4', 'LF', 'kundId');
INSERT INTO markkoll.avtalspart (avtal_id, signatar, markagare_id, avtalsstatus, inkludera_i_avtal) VALUES ('3245ed8b-4480-4cef-822f-138f5bb104ff', false, '304ce584-b77f-4629-a1e8-ca4b5ebba70b', 'AVTAL_SIGNERAT', true);
INSERT INTO markkoll.fastighet_omrade (fastighet_id, omrade_nr, geom) VALUES ('00ac1d50-861c-4e34-acad-8fa34d9502e4', 1, '0106000020BE0B00000100000001030000000100000010000000324060E5D1B116410893439B27C25941E608D7A3CFB11641033D353E28C25941E8335E3ABBB116414D4937E92DC25941D5B09DEFB2B11641A9D8F99E2FC25941E8335EBAA6B116413DF1FD6431C25941AF7F954386B1164162F77E3A35C25941EC896CE726B116419980C0B23FC2594148192FDD66B016414D49374154C25941BB81C0CA99B01641A7AD721058C259418A79142E69B01641724FB89E5BC25941F0DF7A94EBAF1641AF598F7250C25941E0874160A8AF164122C2206844C25941F660105840AF16418928877E30C259418CA49B44AFAE164163F9A9492AC25941C9AE72E89EAF16417024319812C25941324060E5D1B116410893439B27C25941');
INSERT INTO markkoll.fastighet_omrade (fastighet_id, omrade_nr, geom) VALUES ('00ac1d50-861c-4e34-acad-8fa34d9502e4', 2, '0106000020BE0B0000010000000103000000010000001F00000092253108108E164104FBD470AAC05941324060E5DA911641CD9AEFD7DAC05941A27D6ABCC39F164120F553E313C159414C6F3D8ABBAC1641136C129347C25941AF7F95430CAF1641AD2E084C7FC25941679E1A2FD2AE16415922060189C25941611D856BADAE1641424937F98CC25941EEB4F3FD94AE1641F09018348FC2594113BB749370AE1641FB67BC6C91C25941D5B09DEF27AE1641C1B3F3DD94C25941A052E325DFAD1641EC3A0A0F99C259410038B4C8AEAD1641053F60059BC2594175CBCC4C4CAD1641C83489B19DC25941D8DB2406ECAC1641E263665E9FC2594109E4D0A295AC1641CEB51E8DA1C259411B6791ED7BAC1641D763661EA3C259412313AE476DAC1641674FB86EA1C25941058EC2750CAD164124C44BCF9CC259416F4A370961AC1641CA5F10188AC25941B9563934C0AB1641FC69E7038FC25941BB81C04A6AAB164192AD72A884C2594148192F5DD6AB16419FD8F9BE7FC259412994430B47AB1641A205AC8C70C25941E8335E3ADEAA16415F7A3F1D75C25941FAB61E05BCAA1641DCB974BB71C259411D921804B7AA16413ECACC3C71C259417B4C62108FAA1641B5886C0F6DC2594169C9A1C5219F1641A5E0A5CB26C15941862306814891164186B974E3EEC05941EEB4F3FD578C164166E2D04AB5C0594192253108108E164104FBD470AAC05941');
-- TODO: Lägg in bättre geometrier, de är samma just nu.
INSERT INTO markkoll.omradesintrang (id, fastighet_id, omrade_nr, version_id, geom, type, subtype, status) VALUES ('15a6e007-1283-466b-17e8-d9c1c5dd3788', '00ac1d50-861c-4e34-acad-8fa34d9502e4', 1, '851fd90a-ac2c-4579-adeb-c94080a4718d', '0102000020BE0B000002000000DBA364CFFAB01641F017682140C25941EA4AE76711B1164158E8B89A3DC25941', 'HOGSPANNINGSLEDNING', 'LUFTLEDNING', 'NY');
INSERT INTO markkoll.omradesintrang (id, fastighet_id, omrade_nr, version_id, geom, type, subtype, status) VALUES ('20a6e007-5212-212c-95e8-d9c1c5dd3214', '00ac1d50-861c-4e34-acad-8fa34d9502e4', 1, '851fd90a-ac2c-4579-adeb-c94080a4718d', '0102000020BE0B000002000000DBA364CFFAB01641F017682140C25941EA4AE76711B1164158E8B89A3DC25941', 'LAGSPANNINGSLEDNING', 'MARKLEDNING', 'NY');
INSERT INTO markkoll.omradesintrang (id, fastighet_id, omrade_nr, version_id, geom, type, subtype, status) VALUES ('23a6e007-7632-431a-39e8-d9c1c5dd6431', '00ac1d50-861c-4e34-acad-8fa34d9502e4', 1, '851fd90a-ac2c-4579-adeb-c94080a4718d', '0102000020BE0B000002000000DBA364CFFAB01641F017682140C25941EA4AE76711B1164158E8B89A3DC25941', 'KABELSKAP', 'NONE', 'NY');
INSERT INTO markkoll.omradesintrang (id, fastighet_id, omrade_nr, version_id, geom, type, subtype, status) VALUES ('12a6e007-3632-231a-19e8-a9c1c5dd3212', '00ac1d50-861c-4e34-acad-8fa34d9502e4', 1, '851fd90a-ac2c-4579-adeb-c94080a4718d', '0102000020BE0B000002000000DBA364CFFAB01641F017682140C25941EA4AE76711B1164158E8B89A3DC25941', 'NATSTATION', 'NONE', 'NY');
INSERT INTO markkoll.omradesintrang (id, fastighet_id, omrade_nr, version_id, geom, type, subtype, status) VALUES ('12a6e007-6731-421d-38e8-f9c1c5dd6765', '00ac1d50-861c-4e34-acad-8fa34d9502e4', 1, '851fd90a-ac2c-4579-adeb-c94080a4718d', '0102000020BE0B000002000000DBA364CFFAB01641F017682140C25941EA4AE76711B1164158E8B89A3DC25941', 'NATSTATION', 'NONE', 'BEVARAS');
INSERT INTO markkoll.omradesintrang (id, fastighet_id, omrade_nr, version_id, geom, type, subtype, status) VALUES ('64a6e007-6731-521d-98e8-a9c1c5dd2374', '00ac1d50-861c-4e34-acad-8fa34d9502e4', 1, '851fd90a-ac2c-4579-adeb-c94080a4718d', '0102000020BE0B000002000000DBA364CFFAB01641F017682140C25941EA4AE76711B1164158E8B89A3DC25941', 'NATSTATION', 'NONE', 'RASERAS');

-- Fastighet med avtal, uppdaterad geometristatus, 1 fastighetsområde, 4 nya områdesintrång
INSERT INTO markkoll.fastighet (id, fastighetsbeteckning, detaljtyp, kommunnamn, trakt, blockenhet, extern_id, fnr_fds, ytkval, adat, omrtyp) VALUES ('23ac1d50-861c-4e34-acad-8fa34d9502a2', 'HÖLJES 4:231', 'FASTIGHET', null, 'TORSBY', 'ASPBERGET', '1:107', '1737>ASPBERGET>1:107>1', null, null, null);
INSERT INTO markkoll.avtal (id, fastighet_id, projekt_id, anteckning, ersattning) VALUES ('2145ed8b-2480-3cef-122f-438f5bb104fa', '23ac1d50-861c-4e34-acad-8fa34d9502a2', 'ab1db75b-caac-4350-a0ff-fa0c97993ad6', null, 0);
INSERT INTO markkoll.avtal_geometristatus (id, avtal_id, version_id, geometristatus) VALUES ('34a6e007-2283-366b-27e8-d9c1c5dd3724', '2145ed8b-2480-3cef-122f-438f5bb104fa', '851fd90a-ac2c-4579-adeb-c94080a4718d', 'UPPDATERAD');
INSERT INTO markkoll.person (id, adress, postnummer, postort, telefon, bankkonto, e_post, namn, personnummer, kund_id) VALUES ('b1ba9e17-3ba4-33ed-bc12-283db0783434', 'Adress', '12345', 'Postort', null, null, null, 'Förnamn Efternman', '19830301-9292', 'kundId');
INSERT INTO markkoll.markagare (id, andel, person_id, fastighet_id, agartyp, kund_id) VALUES ('234ce584-b77f-4629-a1e8-ca4b5ebba32a', '1/2', 'b1ba9e17-3ba4-33ed-bc12-283db0783434', '23ac1d50-861c-4e34-acad-8fa34d9502a2', 'LF', 'kundId');
INSERT INTO markkoll.avtalspart (avtal_id, signatar, markagare_id, avtalsstatus, inkludera_i_avtal) VALUES ('2145ed8b-2480-3cef-122f-438f5bb104fa', false, '304ce584-b77f-4629-a1e8-ca4b5ebba70b', 'AVTAL_SIGNERAT', true);
INSERT INTO markkoll.fastighet_omrade (fastighet_id, omrade_nr, geom) VALUES ('23ac1d50-861c-4e34-acad-8fa34d9502a2', 1, '0106000020BE0B00000100000001030000000100000010000000324060E5D1B116410893439B27C25941E608D7A3CFB11641033D353E28C25941E8335E3ABBB116414D4937E92DC25941D5B09DEFB2B11641A9D8F99E2FC25941E8335EBAA6B116413DF1FD6431C25941AF7F954386B1164162F77E3A35C25941EC896CE726B116419980C0B23FC2594148192FDD66B016414D49374154C25941BB81C0CA99B01641A7AD721058C259418A79142E69B01641724FB89E5BC25941F0DF7A94EBAF1641AF598F7250C25941E0874160A8AF164122C2206844C25941F660105840AF16418928877E30C259418CA49B44AFAE164163F9A9492AC25941C9AE72E89EAF16417024319812C25941324060E5D1B116410893439B27C25941');
-- TODO: Lägg in bättre geometrier, de är samma just nu.
INSERT INTO markkoll.omradesintrang (id, fastighet_id, omrade_nr, version_id, geom, type, subtype, status) VALUES ('23a6e007-1283-466b-17e8-d9c1c5dd3723', '23ac1d50-861c-4e34-acad-8fa34d9502a2', 1, '851fd90a-ac2c-4579-adeb-c94080a4718d', '0102000020BE0B000002000000DBA364CFFAB01641F017682140C25941EA4AE76711B1164158E8B89A3DC25941', 'HOGSPANNINGSLEDNING', 'LUFTLEDNING', 'NY');
INSERT INTO markkoll.omradesintrang (id, fastighet_id, omrade_nr, version_id, geom, type, subtype, status) VALUES ('65a6e007-5212-212c-95e8-d9c1c5dd3232', '23ac1d50-861c-4e34-acad-8fa34d9502a2', 1, '851fd90a-ac2c-4579-adeb-c94080a4718d', '0102000020BE0B000002000000DBA364CFFAB01641F017682140C25941EA4AE76711B1164158E8B89A3DC25941', 'LAGSPANNINGSLEDNING', 'MARKLEDNING', 'NY');
INSERT INTO markkoll.omradesintrang (id, fastighet_id, omrade_nr, version_id, geom, type, subtype, status) VALUES ('23a6e007-7632-431a-39e8-d9c1c5dd6443', '23ac1d50-861c-4e34-acad-8fa34d9502a2', 1, '851fd90a-ac2c-4579-adeb-c94080a4718d', '0102000020BE0B000002000000DBA364CFFAB01641F017682140C25941EA4AE76711B1164158E8B89A3DC25941', 'KABELSKAP', 'NONE', 'NY');
INSERT INTO markkoll.omradesintrang (id, fastighet_id, omrade_nr, version_id, geom, type, subtype, status) VALUES ('65a6e007-3632-231a-19e8-a9c1c5dd3254', '23ac1d50-861c-4e34-acad-8fa34d9502a2', 1, '851fd90a-ac2c-4579-adeb-c94080a4718d', '0102000020BE0B000002000000DBA364CFFAB01641F017682140C25941EA4AE76711B1164158E8B89A3DC25941', 'NATSTATION', 'NONE', 'NY');

